--
-- Script was generated by Devart dbForge Studio for MySQL, Version 9.2.105.0
-- Product home page: http://www.devart.com/dbforge/mysql/studio
-- Script date 2025. 01. 06. 9:25:47
-- Server version: 8.4.0
-- Client version: 4.1
--

-- 
-- Disable foreign keys
-- 
/*!40014 SET @OLD_FOREIGN_KEY_CHECKS=@@FOREIGN_KEY_CHECKS, FOREIGN_KEY_CHECKS=0 */;

-- 
-- Set SQL mode
-- 
/*!40101 SET @OLD_SQL_MODE=@@SQL_MODE, SQL_MODE='NO_AUTO_VALUE_ON_ZERO' */;

-- 
-- Set character set the client will use to send SQL statements to the server
--
SET NAMES 'utf8mb4';

--
-- Set default database
--
USE testbeer;

--
-- Drop table `moderation`
--
DROP TABLE IF EXISTS moderation;

--
-- Drop table `buyerbeer`
--
DROP TABLE IF EXISTS buyerbeer;

--
-- Drop table `buyer`
--
DROP TABLE IF EXISTS buyer;

--
-- Drop view `lekerdez`
--
DROP VIEW IF EXISTS lekerdez CASCADE;

--
-- Drop view `view1`
--
DROP VIEW IF EXISTS view1 CASCADE;

--
-- Drop table `beer_database`
--
DROP TABLE IF EXISTS beer_database;

--
-- Drop table `bottle`
--
DROP TABLE IF EXISTS bottle;

--
-- Drop table `country`
--
DROP TABLE IF EXISTS country;

--
-- Drop table `type`
--
DROP TABLE IF EXISTS type;

--
-- Drop table `volume`
--
DROP TABLE IF EXISTS volume;

--
-- Set default database
--
USE testbeer;

--
-- Create table `volume`
--
CREATE TABLE volume (
  VID INT NOT NULL AUTO_INCREMENT,
  Volume VARCHAR(10) DEFAULT NULL,
  PRIMARY KEY (VID)
)
ENGINE = INNODB,
AUTO_INCREMENT = 7,
AVG_ROW_LENGTH = 2730,
CHARACTER SET utf8mb4,
COLLATE utf8mb4_hungarian_ci,
ROW_FORMAT = DYNAMIC;

--
-- Create table `type`
--
CREATE TABLE type (
  TID INT NOT NULL AUTO_INCREMENT,
  Type VARCHAR(20) DEFAULT NULL,
  PRIMARY KEY (TID)
)
ENGINE = INNODB,
AUTO_INCREMENT = 14,
AVG_ROW_LENGTH = 1260,
CHARACTER SET utf8mb4,
COLLATE utf8mb4_hungarian_ci,
ROW_FORMAT = DYNAMIC;

--
-- Create table `country`
--
CREATE TABLE country (
  CID INT NOT NULL AUTO_INCREMENT,
  Country VARCHAR(20) DEFAULT NULL,
  PRIMARY KEY (CID)
)
ENGINE = INNODB,
AUTO_INCREMENT = 8,
AVG_ROW_LENGTH = 2730,
CHARACTER SET utf8mb4,
COLLATE utf8mb4_hungarian_ci,
ROW_FORMAT = DYNAMIC;

--
-- Create table `bottle`
--
CREATE TABLE bottle (
  BID INT NOT NULL AUTO_INCREMENT,
  Bottle VARCHAR(10) DEFAULT NULL,
  PRIMARY KEY (BID)
)
ENGINE = INNODB,
AUTO_INCREMENT = 11,
AVG_ROW_LENGTH = 4096,
CHARACTER SET utf8mb4,
COLLATE utf8mb4_hungarian_ci,
ROW_FORMAT = DYNAMIC;

--
-- Create table `beer_database`
--
CREATE TABLE beer_database (
  ID INT NOT NULL AUTO_INCREMENT,
  Name VARCHAR(50) DEFAULT NULL,
  Type INT DEFAULT NULL,
  CountryofOrigin INT DEFAULT NULL,
  AlcoholLevel DOUBLE(10, 3) DEFAULT NULL,
  BottleVolume INT DEFAULT NULL,
  BottleType INT DEFAULT NULL,
  Price DOUBLE(10, 3) DEFAULT NULL,
  PRIMARY KEY (ID)
)
ENGINE = INNODB,
AUTO_INCREMENT = 537,
AVG_ROW_LENGTH = 431,
CHARACTER SET utf8mb4,
COLLATE utf8mb4_hungarian_ci,
ROW_FORMAT = DYNAMIC;

--
-- Create index `UK_beer_database_Name` on table `beer_database`
--
ALTER TABLE beer_database 
  ADD UNIQUE INDEX UK_beer_database_Name(Name);

--
-- Create foreign key
--
ALTER TABLE beer_database 
  ADD CONSTRAINT FK_beer_database_BottleType FOREIGN KEY (BottleType)
    REFERENCES bottle(BID);

--
-- Create foreign key
--
ALTER TABLE beer_database 
  ADD CONSTRAINT FK_beer_database_BottleVolume FOREIGN KEY (BottleVolume)
    REFERENCES volume(VID);

--
-- Create foreign key
--
ALTER TABLE beer_database 
  ADD CONSTRAINT FK_beer_database_CountryofOrigin FOREIGN KEY (CountryofOrigin)
    REFERENCES country(CID);

--
-- Create foreign key
--
ALTER TABLE beer_database 
  ADD CONSTRAINT FK_beer_database_Type2 FOREIGN KEY (Type)
    REFERENCES type(TID);

--
-- Create view `view1`
--
CREATE 
	DEFINER = 'root'@'localhost'
VIEW view1
AS
SELECT
  `beer_database`.`ID` AS `ID`,
  `beer_database`.`Name` AS `Name`,
  `beer_database`.`Type` AS `Type`,
  `beer_database`.`CountryofOrigin` AS `CountryofOrigin`,
  `beer_database`.`AlcoholLevel` AS `AlcoholLevel`,
  `beer_database`.`BottleVolume` AS `BottleVolume`,
  `beer_database`.`BottleType` AS `BottleType`,
  `beer_database`.`Price` AS `Price`
FROM `beer_database`
WHERE (`beer_database`.`Type` = 7);

--
-- Create view `lekerdez`
--
CREATE 
	DEFINER = 'root'@'localhost'
VIEW lekerdez
AS
SELECT
  `beer_database`.`Name` AS `Name`,
  `type`.`Type` AS `Type`,
  `country`.`Country` AS `Country`,
  `bottle`.`Bottle` AS `Bottle`
FROM (((`beer_database`
  JOIN `bottle`
    ON ((`beer_database`.`BottleType` = `bottle`.`BID`)))
  JOIN `country`
    ON ((`beer_database`.`CountryofOrigin` = `country`.`CID`)))
  JOIN `type`
    ON ((`beer_database`.`Type` = `type`.`TID`)));

--
-- Create table `buyer`
--
CREATE TABLE buyer (
  bid INT NOT NULL AUTO_INCREMENT,
  name VARCHAR(30) DEFAULT NULL,
  password VARCHAR(30) DEFAULT NULL,
  email VARCHAR(50) DEFAULT NULL,
  mobile VARCHAR(50) DEFAULT NULL,
  `country address` VARCHAR(30) DEFAULT NULL,
  `city address` VARCHAR(30) DEFAULT NULL,
  `street address` VARCHAR(50) DEFAULT NULL,
  `house address` INT DEFAULT NULL,
  PRIMARY KEY (bid)
)
ENGINE = INNODB,
AUTO_INCREMENT = 7,
AVG_ROW_LENGTH = 2730,
CHARACTER SET utf8mb4,
COLLATE utf8mb4_hungarian_ci,
ROW_FORMAT = DYNAMIC;

--
-- Create table `buyerbeer`
--
CREATE TABLE buyerbeer (
  primkey INT NOT NULL AUTO_INCREMENT,
  bid INT DEFAULT NULL,
  beerid1 INT DEFAULT NULL,
  buyerid INT DEFAULT NULL,
  number INT DEFAULT NULL,
  PRIMARY KEY (primkey)
)
ENGINE = INNODB,
AUTO_INCREMENT = 4,
AVG_ROW_LENGTH = 5461,
CHARACTER SET utf8mb4,
COLLATE utf8mb4_hungarian_ci,
ROW_FORMAT = DYNAMIC;

--
-- Create foreign key
--
ALTER TABLE buyerbeer 
  ADD CONSTRAINT FK_buyerbeer_beerid12 FOREIGN KEY (beerid1)
    REFERENCES beer_database(ID);

--
-- Create foreign key
--
ALTER TABLE buyerbeer 
  ADD CONSTRAINT FK_buyerbeer_buyerid FOREIGN KEY (buyerid)
    REFERENCES buyer(bid);

--
-- Create table `moderation`
--
CREATE TABLE moderation (
  ID INT NOT NULL AUTO_INCREMENT,
  Username VARCHAR(255) DEFAULT NULL,
  Password VARCHAR(255) DEFAULT NULL,
  Level VARCHAR(255) DEFAULT NULL,
  PRIMARY KEY (ID)
)
ENGINE = INNODB,
AUTO_INCREMENT = 3,
AVG_ROW_LENGTH = 8192,
CHARACTER SET utf8mb4,
COLLATE utf8mb4_hungarian_ci,
ROW_FORMAT = DYNAMIC;

--
-- Create index `Username` on table `moderation`
--
ALTER TABLE moderation 
  ADD UNIQUE INDEX Username(Username);

-- 
-- Dumping data for table volume
--
INSERT INTO volume VALUES
(1, '330ml'),
(2, '500ml'),
(3, '750ml'),
(4, '1000ml'),
(5, '1500ml'),
(6, '2000ml');

-- 
-- Dumping data for table type
--
INSERT INTO type VALUES
(1, 'IPA'),
(2, 'Wheat Beer'),
(3, 'Stout'),
(4, 'Lager'),
(5, 'Pilsner'),
(6, 'Pale Ale'),
(7, 'Brown Ale'),
(8, 'Porter'),
(9, 'Bock'),
(10, 'Cream Ale'),
(11, 'Blonde Ale'),
(12, 'Bitter'),
(13, 'Altbeer');

-- 
-- Dumping data for table country
--
INSERT INTO country VALUES
(1, 'Germany'),
(2, 'UK'),
(3, 'Ireland'),
(4, 'Czechia'),
(5, 'Belgium'),
(6, 'Austria');

-- 
-- Dumping data for table bottle
--
INSERT INTO bottle VALUES
(1, 'Can'),
(2, 'Glass'),
(3, 'Bottle'),
(4, 'Growler');

-- 
-- Dumping data for table buyer
--
INSERT INTO buyer VALUES
(1, 'Tom Tucker', 'TomTucks76', 'tomtucker76@gmail.com', '1 (202) 555 8712', 'France', 'Lyon', 'Rue de la République', 23),
(2, 'Chris Smith', 'Chrismith69', 'violinhi@yahoo.com', '1 (202) 555 1234', 'Italy', 'Florance', 'Via della Repubblica', 12),
(3, 'Bewerly Carter', 'BewerlyHills9', 'bwcarty@att.net', '1 (303) 555 5678', 'Germany', 'Munich', 'Maximilianstraße', 45),
(4, 'Stanley Oikos', 'Oikostan99', 'staikos@optonline.net', '1 (404) 555 9012', 'Spain', 'Barcelona', 'Carrer de la Marina', 89),
(5, 'Peter Parker', 'PeterParked96', 'peterparker@protonmail.com', '1 (505) 555 1111', 'France', 'Nice', 'Avenue Jean Médecin', 10),
(6, 'Jessica Jones', 'JessicasJone98', 'jessicajones@outlook.com', '1 (606) 555 4318', 'Netherlands', 'Amsterdam', 'Prinsengracht', 78);

-- 
-- Dumping data for table beer_database
--
INSERT INTO beer_database VALUES
(1, 'Limerick-style Golden Refresher', 5, 3, 7.000, 4, 2, 9.690),
(2, 'Dublin-style Sharp Delight', 13, 3, 2.100, 3, 2, 8.090),
(3, 'Bohemian-style Amber Refresher', 7, 4, 1.300, 4, 2, 4.190),
(4, 'Bamberg-style Crisp Harmony', 7, 1, 6.000, 6, 2, 7.290),
(5, 'Berlin-style Dry Cascade', 1, 1, 3.400, 4, 3, 5.090),
(6, 'Tyrol-style Amber Haven', 4, 6, 2.700, 2, 1, 8.990),
(7, 'Prauge-style Vibrant Stout', 5, 4, 5.000, 3, 2, 3.090),
(8, 'Dublin-style Classic Haven', 13, 3, 1.400, 3, 3, 7.190),
(9, 'Düsselfdorf-style Light Haven', 12, 1, 3.800, 4, 2, 7.990),
(10, 'Newcastle-style Light Cascade', 13, 2, 6.500, 6, 2, 9.490),
(11, 'Vienna-style Dark Brew', 3, 6, 1.000, 3, 3, 7.890),
(12, 'Limerick-style Classic Refresher', 1, 3, 4.000, 3, 2, 7.690),
(13, 'Moravian-style Crisp Sip', 3, 4, 3.200, 1, 1, 3.590),
(14, 'Styria-style Sunny Harmony', 3, 6, 5.900, 1, 1, 5.290),
(15, 'Styria-style Mellow Breeze', 1, 6, 6.200, 4, 2, 6.790),
(16, 'Prauge-style Cold Stout', 2, 4, 2.700, 3, 2, 4.390),
(17, 'Carlow-Style Velvet Cascade', 11, 3, 5.100, 6, 2, 8.090),
(18, 'Lepizig-style Golden Bliss', 8, 1, 5.700, 1, 1, 9.490),
(19, 'Carinthia-style Midnight Delight', 4, 6, 3.700, 5, 2, 6.290),
(20, 'Kildare-style Midnight Haven', 10, 3, 3.200, 5, 2, 3.890),
(21, 'Burgenland-style Smooth Haven', 10, 6, 3.300, 3, 2, 8.090),
(22, 'Scottsman-style Classic Sip', 9, 2, 1.100, 4, 3, 5.690),
(23, 'Styria-style Malty Sip', 5, 6, 3.000, 6, 2, 7.290),
(24, 'Prauge-style Smooth Haven', 5, 4, 1.300, 3, 3, 4.890),
(25, 'Moravian-style Smooth Harmony', 11, 4, 3.800, 3, 2, 5.590),
(26, 'Berlin-style Chilled Breeze', 2, 1, 2.800, 6, 2, 3.090),
(27, 'Scottsman-style Dark Breeze', 4, 2, 6.200, 2, 1, 5.490),
(28, 'Berlin-style Midnight Breeze', 2, 1, 3.500, 6, 4, 6.390),
(29, 'Cork-style Vibrant Harmony', 6, 3, 3.600, 6, 2, 8.390),
(30, 'Dublin-style Fresh Stout', 9, 3, 1.700, 3, 2, 4.590),
(31, 'Limerick-style Crisp Bliss', 13, 3, 4.000, 3, 2, 4.690),
(32, 'Galway-style Classic Bliss', 3, 3, 2.100, 3, 2, 3.890),
(33, 'London-style Dark Stout', 6, 2, 2.500, 1, 1, 8.290),
(34, 'Berlin-style Malty Cascade', 1, 1, 6.600, 3, 3, 6.390),
(35, 'Galway-style Cold Brew', 8, 3, 3.100, 6, 2, 9.290),
(36, 'Prauge-style Light Breeze', 7, 4, 2.000, 2, 1, 9.690),
(37, 'Scottsman-style Sharp Refresher', 11, 2, 1.500, 3, 2, 6.090),
(38, 'Tyrol-style Classic Stout', 5, 6, 2.100, 2, 1, 6.690),
(39, 'Scottsman-style Hoppy Harmony', 6, 2, 1.200, 4, 2, 4.490),
(40, 'Limerick-style Dark Stout', 12, 3, 2.200, 3, 2, 7.890),
(41, 'Moravian-style Midnight Refresher', 7, 4, 5.200, 3, 3, 8.690),
(42, 'Styria-style Crisp Delight', 10, 6, 5.100, 1, 1, 4.490),
(43, 'Wallonia-style Golden Brew', 7, 5, 1.100, 1, 1, 5.390),
(44, 'Charrington-style Malty Delight', 10, 2, 5.000, 3, 3, 7.690),
(45, 'Styria-style Golden Delight', 6, 6, 3.600, 6, 2, 8.290),
(46, 'Galway-style Velvet Delight', 13, 3, 1.000, 3, 2, 9.790),
(47, 'Carlow-Style Dark Brew', 13, 3, 3.900, 6, 2, 3.590),
(48, 'London-style Midnight Cascade', 12, 2, 6.300, 5, 2, 5.390),
(49, 'Salzburg-style Mellow Stout', 13, 6, 2.100, 3, 2, 3.190),
(50, 'Galway-style Dark Cascade', 12, 3, 1.000, 4, 2, 8.590),
(51, 'Bohemian-style Velvet Haven', 12, 4, 5.400, 2, 1, 3.490),
(52, 'Styria-style Midnight Brew', 3, 6, 4.000, 2, 1, 8.390),
(53, 'Newcastle-style Mellow Cascade', 3, 2, 2.400, 2, 1, 8.690),
(54, 'Styria-style Vibrant Sip', 12, 6, 6.900, 1, 1, 3.990),
(55, 'Prauge-style Golden Bliss', 10, 4, 3.900, 2, 1, 9.090),
(56, 'Galway-style Sharp Harmony', 5, 3, 6.700, 6, 2, 4.390),
(57, 'Carinthia-style Vibrant Delight', 8, 6, 6.400, 1, 1, 3.490),
(58, 'Carinthia-style Cold Cascade', 3, 6, 1.100, 3, 3, 6.990),
(59, 'Bamberg-style Crisp Cascade', 12, 1, 6.300, 6, 2, 9.290),
(60, 'Carinthia-style Hop Breeze', 8, 6, 1.400, 2, 1, 5.190),
(61, 'Berlin-style Golden Breeze', 6, 1, 1.600, 4, 3, 8.690),
(62, 'Carlow-Style Midnight Bliss', 6, 3, 1.600, 3, 3, 9.390),
(63, 'Galway-style Sunny Cascade', 4, 3, 4.000, 3, 2, 4.190),
(64, 'Lepizig-style Mellow Haven', 10, 1, 1.600, 6, 2, 4.890),
(65, 'Dublin-style Classic Cascade', 4, 3, 3.200, 4, 3, 5.390),
(66, 'Berlin-style Sharp Refresher', 3, 1, 2.500, 4, 2, 5.090),
(67, 'Scottsman-style Midnight Refresher', 9, 2, 5.400, 1, 1, 5.390),
(68, 'Bohemian-style Sunny Bliss', 13, 4, 5.500, 3, 2, 4.590),
(69, 'Bohemian-style Malty Haven', 6, 4, 2.900, 1, 1, 8.290),
(70, 'Styria-style Crisp Brew', 10, 6, 5.200, 1, 1, 4.890),
(71, 'Kildare-style Golden Stout', 2, 3, 1.600, 6, 2, 5.790),
(72, 'Moravian-style Midnight Haven', 12, 4, 3.400, 3, 2, 7.590),
(73, 'Scottsman-style Cold Brew', 11, 2, 1.300, 1, 1, 7.790),
(74, 'Prauge-style Vibrant Harmony', 3, 4, 6.400, 5, 2, 3.690),
(75, 'Galway-style Dark Delight', 10, 3, 1.700, 3, 3, 4.090),
(76, 'Burgenland-style Cold Delight', 10, 6, 2.600, 6, 2, 9.090),
(77, 'Brussel-style Dry Delight', 8, 5, 3.100, 6, 2, 5.290),
(78, 'Moravian-style Crisp Breeze', 8, 4, 2.300, 2, 1, 5.090),
(79, 'Moravian-style Vibrant Refresher', 1, 4, 6.700, 3, 3, 8.790),
(80, 'Charrington-style Midnight Refresher', 7, 2, 2.600, 1, 1, 9.890),
(81, 'Carinthia-style Mellow Brew', 9, 6, 1.600, 6, 4, 7.290),
(82, 'Vienna-style Icy Stout', 12, 6, 5.200, 4, 3, 4.790),
(83, 'Bavarian-style Chilled Bliss', 7, 1, 6.000, 6, 2, 5.990),
(84, 'Dublin-style Craft Sip', 13, 3, 1.700, 1, 1, 6.390),
(85, 'Galway-style Cold Harmony', 4, 3, 3.100, 6, 2, 9.090),
(86, 'Dublin-style Velvet Haven', 4, 3, 3.800, 5, 4, 7.190),
(87, 'Bavarian-style Dark Cascade', 12, 1, 2.600, 6, 2, 7.690),
(88, 'Prauge-style Crisp Bliss', 2, 4, 3.600, 6, 2, 5.390),
(89, 'Yorkshire-style Hop Harmony', 10, 2, 1.900, 3, 3, 4.190),
(90, 'Salzburg-style Classic Cascade', 7, 6, 5.500, 1, 1, 9.790),
(91, 'Charrington-style Crisp Harmony', 9, 2, 3.300, 1, 1, 4.290),
(92, 'Vienna-style Vibrant Bliss', 6, 6, 2.900, 1, 1, 8.790),
(93, 'London-style Golden Stout', 2, 2, 1.600, 2, 1, 7.090),
(94, 'Cork-style Chilled Brew', 4, 3, 1.600, 6, 2, 7.690),
(95, 'Brussel-style Chilled Stout', 13, 5, 1.800, 1, 1, 5.590),
(96, 'London-style Dark Harmony', 5, 2, 1.900, 2, 1, 4.790),
(97, 'Vienna-style Sunny Sip', 3, 6, 3.800, 4, 3, 8.790),
(98, 'Kildare-style Golden Haven', 1, 3, 1.300, 5, 4, 5.890),
(99, 'Tyrol-style Light Refresher', 12, 6, 3.900, 4, 2, 8.690),
(100, 'Cologne-style Craft Brew', 10, 1, 2.700, 6, 2, 3.490),
(101, 'Yorkshire-style Velvet Stout', 3, 2, 6.400, 5, 4, 7.290),
(102, 'Düsselfdorf-style Smooth Cascade', 13, 1, 5.100, 6, 2, 7.190),
(103, 'Burgenland-style Dark Delight', 7, 6, 6.000, 2, 1, 5.090),
(104, 'Moravian-style Sharp Refresher', 4, 4, 5.000, 4, 2, 4.490),
(105, 'Fleming-style Vibrant Breeze', 6, 5, 1.700, 6, 4, 7.790),
(106, 'Limerick-style Velvet Delight', 10, 3, 3.600, 5, 4, 4.190),
(107, 'Burgenland-style Light Brew', 7, 6, 6.500, 3, 3, 9.590),
(108, 'Newcastle-style Chilled Brew', 3, 2, 1.100, 4, 2, 4.490),
(109, 'Carlow-Style Icy Bliss', 13, 3, 3.500, 1, 1, 6.790),
(110, 'Düsselfdorf-style Cold Síp', 9, 1, 3.000, 1, 1, 3.790),
(111, 'Cork-style Sharp Harmony', 6, 3, 5.300, 2, 1, 3.390),
(112, 'Limerick-style Light Breeze', 10, 3, 6.800, 3, 3, 7.990),
(113, 'Burgenland-style Vibrant Sip', 1, 6, 2.900, 6, 4, 3.190),
(114, 'Bamberg-style Dark Refresher', 9, 1, 2.100, 4, 3, 6.590),
(115, 'Wallonia-style Mellow Refresher', 7, 5, 2.000, 1, 1, 6.590),
(116, 'Charrington-style Fresh Bliss', 12, 2, 1.400, 2, 1, 6.390),
(117, 'Bohemian-style Dark Refresher', 1, 4, 4.000, 5, 2, 7.690),
(118, 'Carlow-Style Vibrant Cascade', 13, 3, 1.300, 6, 2, 6.090),
(119, 'Styria-style Hoppy Haven', 6, 6, 6.200, 3, 3, 4.990),
(120, 'Brussel-style Icy Sip', 11, 5, 1.100, 5, 2, 9.290),
(121, 'Newcastle-style Smooth Bliss', 12, 2, 5.400, 4, 2, 3.290),
(122, 'Vienna-style Velvet Delight', 2, 6, 5.600, 5, 2, 6.890),
(123, 'Tyrol-style Hoppy Refresher', 7, 6, 3.900, 4, 2, 9.690),
(124, 'Düsselfdorf-style Dark Bliss', 6, 1, 1.200, 4, 2, 9.190),
(125, 'Burgenland-style Amber Stout', 3, 6, 5.400, 2, 1, 7.390),
(126, 'Wallonia-style Smooth Bliss', 2, 5, 2.800, 3, 2, 7.190),
(127, 'Fleming-style Fresh Cascade', 1, 5, 6.300, 4, 2, 5.190),
(128, 'Carlow-Style Amber Brew', 10, 3, 1.500, 4, 3, 9.290),
(129, 'Salzburg-style Hoppy Brew', 2, 6, 2.200, 4, 3, 6.290),
(130, 'Kildare-style Cold Brew', 6, 3, 1.800, 5, 2, 9.290),
(131, 'Bavarian-style Malty Cascade', 8, 1, 1.700, 3, 2, 8.290),
(132, 'Cologne-style Dark Cascade', 5, 1, 3.500, 3, 3, 5.590),
(133, 'Wallonia-style Hoppy Stout', 8, 5, 3.900, 2, 1, 8.890),
(134, 'Newcastle-style Classic Haven', 6, 2, 1.200, 5, 2, 5.990),
(135, 'Charrington-style Crisp Cascade', 8, 2, 1.700, 4, 3, 4.090),
(136, 'Dublin-style Craft Harmony', 3, 3, 5.300, 2, 1, 9.090),
(137, 'Bavarian-style Craft Delight', 2, 1, 1.100, 4, 3, 9.290),
(138, 'Limerick-style Golden Haven', 5, 3, 2.100, 4, 3, 3.490),
(139, 'Brussel-style Classic Stout', 3, 5, 3.700, 2, 1, 7.490),
(140, 'Moravian-style Vibrant Bliss', 1, 4, 2.500, 1, 1, 9.190),
(141, 'Salzburg-style Crisp Refresher', 8, 6, 3.400, 5, 4, 3.890),
(142, 'Berlin-style Amber Haven', 3, 1, 3.500, 6, 2, 9.690),
(143, 'Bamberg-style Hoppy Haven', 3, 1, 3.000, 6, 2, 8.590),
(144, 'Fleming-style Classic Refresher', 5, 5, 2.500, 3, 2, 9.390),
(145, 'Brussel-style Crisp Brew', 10, 5, 1.700, 4, 2, 6.490),
(146, 'Lepizig-style Crisp Harmony', 13, 1, 3.700, 4, 2, 7.590),
(147, 'Scottsman-style Amber Brew', 6, 2, 5.100, 1, 1, 5.890),
(148, 'Styria-style Icy Bliss', 7, 6, 3.200, 3, 3, 3.090),
(149, 'Lepizig-style Amber Refresher', 12, 1, 1.900, 6, 4, 8.690),
(150, 'Fleming-style Light Stout', 3, 5, 1.500, 5, 2, 6.190),
(151, 'Wallonia-style Hoppy Delight', 5, 5, 1.500, 1, 1, 4.490),
(152, 'Limerick-style Golden Breeze', 13, 3, 1.100, 2, 1, 3.990),
(153, 'Charrington-style Smooth Stout', 10, 2, 6.000, 3, 2, 5.490),
(154, 'Dublin-style Cold Delight', 6, 3, 5.900, 6, 2, 8.090),
(155, 'Carlow-Style Dry Brew', 8, 3, 2.300, 5, 2, 6.090),
(156, 'Yorkshire-style Amber Brew', 4, 2, 3.100, 6, 2, 9.190),
(157, 'Cork-style Midnight Delight', 10, 3, 1.100, 5, 2, 8.690),
(158, 'Brussel-style Dry Brew', 10, 5, 5.500, 5, 2, 8.190),
(159, 'Düsselfdorf-style Velvet Stout', 1, 1, 1.500, 6, 2, 4.590),
(160, 'Wallonia-style Malty Refresher', 5, 5, 6.500, 4, 2, 8.790),
(161, 'Burgenland-style Craft Harmony', 5, 6, 3.800, 6, 2, 4.290),
(162, 'Styria-style Icy Haven', 10, 6, 1.600, 5, 2, 5.090),
(163, 'Cologne-style Craft Haven', 2, 1, 2.900, 6, 2, 6.690),
(164, 'Kildare-style Cold Refresher', 7, 3, 1.900, 1, 1, 9.690),
(165, 'Bavarian-style Vibrant Breeze', 7, 1, 6.200, 4, 2, 5.290),
(166, 'Burgenland-style Smooth Sip', 4, 6, 3.600, 6, 2, 4.090),
(167, 'Carinthia-style Smooth Bliss', 1, 6, 2.700, 3, 3, 9.290),
(168, 'Yorkshire-style Hoppy Cascade', 9, 2, 6.500, 2, 1, 4.990),
(169, 'Vienna-style Classic Haven', 13, 6, 1.000, 1, 1, 5.590),
(170, 'Cork-style Smooth Brew', 13, 3, 1.400, 3, 3, 9.390),
(171, 'Galway-style Crisp Refresher', 9, 3, 1.900, 3, 2, 3.690),
(172, 'Moravian-style Dark Brew', 9, 4, 6.700, 5, 2, 9.090),
(173, 'Lepizig-style Golden Harmony', 8, 1, 3.100, 2, 1, 7.290),
(174, 'Dublin-style Craft Breeze', 6, 3, 2.000, 5, 2, 7.790),
(175, 'Styria-style Sunny Bliss', 6, 6, 6.700, 6, 4, 5.990),
(176, 'Brussel-style Chilled Cascade', 3, 5, 2.400, 3, 2, 4.890),
(177, 'Galway-style Hop Stout', 3, 3, 1.000, 2, 1, 8.590),
(178, 'Bavarian-style Dry Sip', 9, 1, 5.100, 4, 3, 6.790),
(179, 'Moravian-style Sharp Sip', 6, 4, 2.600, 6, 2, 5.890),
(180, 'Moravian-style Midnight Cascade', 11, 4, 6.800, 6, 2, 3.990),
(181, 'Yorkshire-style Hoppy Bliss', 4, 2, 3.500, 1, 1, 3.290),
(182, 'Salzburg-style Sunny Bliss', 5, 6, 6.400, 5, 2, 7.090),
(183, 'Vienna-style Smooth Refresher', 7, 6, 3.000, 5, 2, 9.590),
(184, 'Brussel-style Smooth Breeze', 2, 5, 1.900, 4, 3, 5.290),
(185, 'Cork-style Velvet Harmony', 6, 3, 5.400, 2, 1, 5.990),
(186, 'Cologne-style Sunny Haven', 2, 1, 5.700, 2, 1, 3.790),
(187, 'Limerick-style Sunny Stout', 4, 3, 3.100, 2, 1, 7.390),
(188, 'Salzburg-style Hoppy Haven', 7, 6, 1.700, 6, 2, 7.990),
(189, 'Charrington-style Craft Sip', 9, 2, 5.900, 1, 1, 8.790),
(190, 'Tyrol-style Classic Harmony', 4, 6, 1.700, 6, 2, 4.890),
(191, 'Cologne-style Vibrant Bliss', 8, 1, 3.200, 6, 2, 6.990),
(192, 'Dublin-style Light Stout', 1, 3, 2.000, 6, 2, 6.790),
(193, 'Galway-style Dark Haven', 10, 3, 6.100, 3, 2, 5.490),
(194, 'Düsselfdorf-style Cold Delight', 7, 1, 2.100, 5, 4, 8.090),
(195, 'Dublin-style Amber Brew', 13, 3, 4.000, 6, 4, 7.790),
(196, 'London-style Golden Sip', 6, 2, 2.500, 1, 1, 6.190),
(197, 'London-style Crisp Refresher', 8, 2, 2.300, 2, 1, 8.390),
(198, 'Charrington-style Smooth Breeze', 7, 2, 1.900, 4, 2, 8.990),
(199, 'Bohemian-style Hoppy Brew', 3, 4, 2.500, 1, 1, 7.890),
(200, 'Düsselfdorf-style Mellow Delight', 11, 1, 1.800, 6, 4, 3.190),
(201, 'Fleming-style Cold Cascade', 2, 5, 1.300, 4, 2, 4.690),
(202, 'Bohemian-style Mellow Breeze', 13, 4, 3.000, 5, 2, 8.890),
(203, 'Carinthia-style Golden Stout', 2, 6, 3.400, 2, 1, 3.890),
(204, 'Brussel-style Malty Sip', 7, 5, 1.800, 2, 1, 9.990),
(205, 'Tyrol-style Smooth Breeze', 1, 6, 1.200, 5, 2, 9.390),
(206, 'London-style Classic Bliss', 2, 2, 6.700, 5, 2, 4.990),
(207, 'London-style Classic Sip', 2, 2, 6.100, 2, 1, 9.890),
(208, 'Lepizig-style Icy Cascade', 3, 1, 6.500, 1, 1, 5.190),
(209, 'Düsselfdorf-style Classic Refresher', 6, 1, 3.700, 3, 2, 4.390),
(210, 'Vienna-style Chilled Harmony', 11, 6, 2.500, 5, 4, 5.890),
(211, 'Wallonia-style Amber Delight', 13, 5, 2.100, 4, 3, 9.690),
(212, 'Lepizig-style Velvet Cascade', 5, 1, 1.800, 4, 2, 4.090),
(213, 'Yorkshire-style Classic Stout', 9, 2, 1.700, 6, 2, 8.890),
(214, 'Newcastle-style Malty Harmony', 1, 2, 5.800, 4, 2, 8.690),
(215, 'Wallonia-style Midnight Breeze', 2, 5, 5.200, 3, 3, 8.790),
(216, 'Scottsman-style Craft Bliss', 4, 2, 3.400, 5, 2, 4.590),
(217, 'Kildare-style Fresh Harmony', 4, 3, 3.000, 5, 2, 9.090),
(218, 'Bavarian-style Amber Stout', 3, 1, 5.100, 4, 2, 4.290),
(219, 'Cork-style Light Bliss', 11, 3, 5.600, 2, 1, 4.890),
(220, 'Scottsman-style Velvet Refresher', 5, 2, 1.900, 6, 2, 4.190),
(221, 'Salzburg-style Crisp Haven', 13, 6, 4.000, 6, 2, 9.490),
(222, 'Cologne-style Vibrant Refresher', 1, 1, 2.800, 3, 3, 8.090),
(223, 'Yorkshire-style Fresh Delight', 3, 2, 1.200, 6, 2, 6.890),
(224, 'Düsselfdorf-style Mellow Stout', 2, 1, 3.700, 4, 2, 8.290),
(225, 'Kildare-style Fresh Sip', 10, 3, 2.100, 5, 2, 6.490),
(226, 'Berlin-style Midnight Delight', 6, 1, 2.400, 4, 3, 5.690),
(227, 'Carinthia-style Fresh Cascade', 7, 6, 3.700, 3, 3, 5.290),
(228, 'Fleming-style Icy Cascade', 8, 5, 3.500, 3, 2, 7.990),
(229, 'Berlin-style Amber Brew', 3, 1, 7.000, 1, 1, 4.290),
(230, 'Prauge-style Hop Refresher', 2, 4, 5.600, 4, 3, 9.990),
(231, 'Vienna-style Midnight Delight', 4, 6, 3.900, 4, 3, 8.590),
(232, 'Salzburg-style Amber Stout', 1, 6, 2.000, 3, 2, 5.390),
(233, 'London-style Amber Refresher', 2, 2, 2.600, 2, 1, 3.690),
(234, 'Vienna-style Light Sip', 1, 6, 2.000, 5, 2, 5.790),
(235, 'Düsselfdorf-style Classic Delight', 12, 1, 2.200, 1, 1, 9.690),
(236, 'Bamberg-style Craft Refresher', 1, 1, 2.600, 5, 2, 9.990),
(237, 'Prauge-style Light Bliss', 1, 4, 1.000, 2, 1, 7.490),
(238, 'Cologne-style Dark Sip', 8, 1, 7.000, 4, 3, 8.190),
(239, 'Vienna-style Craft Breeze', 9, 6, 5.900, 6, 2, 9.990),
(240, 'Bamberg-style Dry Cascade', 3, 1, 1.600, 2, 1, 4.790),
(241, 'Kildare-style Midnight Brew', 8, 3, 2.600, 5, 2, 4.690),
(242, 'Burgenland-style Hoppy Refresher', 3, 6, 2.500, 4, 2, 5.690),
(243, 'Prauge-style Light Delight', 3, 4, 5.800, 2, 1, 9.990),
(244, 'Limerick-style Smooth Breeze', 2, 3, 5.800, 2, 1, 8.690),
(245, 'Galway-style Hop Brew', 2, 3, 1.600, 4, 2, 9.590),
(246, 'Burgenland-style Chilled Stout', 5, 6, 1.500, 3, 3, 5.090),
(247, 'Charrington-style Mellow Harmony', 1, 2, 1.600, 3, 3, 6.390),
(248, 'Cork-style Fresh Sip', 7, 3, 1.900, 1, 1, 3.190),
(249, 'Fleming-style Classic Delight', 8, 5, 5.600, 4, 2, 6.390),
(250, 'Scottsman-style Dark Stout', 5, 2, 2.700, 5, 4, 7.290),
(251, 'Wallonia-style Smooth Refresher', 13, 5, 2.000, 5, 2, 7.490),
(252, 'Bamberg-style Light Delight', 3, 1, 1.900, 3, 2, 9.090),
(253, 'Carlow-Style Sunny Breeze', 8, 3, 5.900, 2, 1, 6.290),
(254, 'Bamberg-style Cold Haven', 5, 1, 2.400, 2, 1, 5.490),
(255, 'Charrington-style Fresh Breeze', 13, 2, 3.500, 2, 1, 6.790),
(256, 'Bavarian-style Chilled Sip', 3, 1, 6.200, 5, 2, 4.790),
(257, 'Bavarian-style Classic Refresher', 7, 1, 3.200, 6, 2, 5.490),
(258, 'Bamberg-style Sunny Cascade', 8, 1, 2.600, 2, 1, 8.290),
(259, 'Scottsman-style Hop Delight', 12, 2, 1.900, 4, 3, 8.390),
(260, 'Düsselfdorf-style Vibrant Sip', 2, 1, 2.700, 2, 1, 6.490),
(261, 'Limerick-style Midnight Refresher', 8, 3, 5.300, 4, 3, 4.990),
(262, 'Carlow-Style Fresh Refresher', 3, 3, 6.900, 3, 3, 5.790),
(263, 'Düsselfdorf-style Mellow Breeze', 5, 1, 1.700, 2, 1, 6.490),
(264, 'Vienna-style Icy Sip', 12, 6, 3.400, 2, 1, 8.990),
(265, 'Cologne-style Crisp Sip', 10, 1, 3.500, 5, 2, 3.190),
(266, 'Moravian-style Hop Brew', 12, 4, 6.600, 5, 2, 3.990),
(267, 'Carinthia-style Crisp Refresher', 8, 6, 2.300, 4, 2, 6.690),
(268, 'Wallonia-style Dry Haven', 6, 5, 6.100, 3, 2, 4.390),
(269, 'Yorkshire-style Velvet Harmony', 13, 2, 5.800, 2, 1, 5.690),
(270, 'Dublin-style Craft Refresher', 7, 3, 5.000, 1, 1, 7.390),
(271, 'Styria-style Mellow Harmony', 8, 6, 3.600, 2, 1, 6.690),
(272, 'London-style Dry Stout', 13, 2, 6.500, 4, 3, 4.090),
(273, 'Salzburg-style Amber Sip', 11, 6, 1.300, 5, 2, 4.890),
(274, 'Salzburg-style Hoppy Harmony', 11, 6, 3.500, 4, 2, 6.390),
(275, 'Fleming-style Crisp Delight', 2, 5, 6.900, 1, 1, 3.090),
(276, 'Fleming-style Hoppy Cascade', 7, 5, 1.500, 1, 1, 5.290),
(277, 'Prauge-style Dry Delight', 4, 4, 1.500, 5, 2, 8.890),
(278, 'Styria-style Hoppy Sip', 1, 6, 1.000, 1, 1, 6.090),
(279, 'Düsselfdorf-style Hop Cascade', 13, 1, 4.000, 4, 2, 3.590),
(280, 'Bohemian-style Smooth Delight', 11, 4, 2.700, 1, 1, 9.690),
(281, 'London-style Malty Bliss', 7, 2, 6.900, 1, 1, 3.790),
(282, 'Salzburg-style Fresh Brew', 13, 6, 5.100, 5, 4, 8.690),
(283, 'Brussel-style Chilled Haven', 1, 5, 5.600, 5, 2, 8.090),
(284, 'Galway-style Mellow Delight', 3, 3, 3.500, 3, 2, 5.090),
(285, 'Galway-style Light Brew', 9, 3, 1.200, 3, 2, 7.090),
(286, 'Limerick-style Dry Brew', 2, 3, 2.200, 4, 3, 7.890),
(287, 'Lepizig-style Malty Brew', 9, 1, 3.600, 5, 2, 3.390),
(288, 'Cologne-style Icy Delight', 4, 1, 3.800, 2, 1, 9.390),
(289, 'Limerick-style Sharp Breeze', 2, 3, 3.600, 3, 2, 5.090),
(290, 'Charrington-style Velvet Breeze', 6, 2, 3.000, 2, 1, 4.690),
(291, 'Düsselfdorf-style Hop Stout', 5, 1, 5.100, 2, 1, 7.090),
(292, 'Galway-style Midnight Stout', 7, 3, 2.800, 1, 1, 5.990),
(293, 'Burgenland-style Dry Stout', 7, 6, 1.400, 1, 1, 9.690),
(294, 'Bohemian-style Classic Cascade', 4, 4, 3.700, 3, 2, 3.190),
(295, 'Bamberg-style Smooth Haven', 13, 1, 1.600, 1, 1, 6.690),
(296, 'Berlin-style Fresh Refresher', 2, 1, 1.400, 1, 1, 3.690),
(297, 'Charrington-style Golden Refresher', 2, 2, 1.200, 2, 1, 3.590),
(298, 'Prauge-style Midnight Sip', 13, 4, 3.800, 6, 2, 6.390),
(299, 'Lepizig-style Hop Cascade', 10, 1, 3.200, 6, 2, 5.190),
(300, 'Cork-style Dry Refresher', 3, 3, 3.700, 5, 2, 3.190),
(301, 'Moravian-style Hop Cascade', 9, 4, 2.300, 2, 1, 5.390),
(302, 'Lepizig-style Amber Breeze', 3, 1, 5.100, 2, 1, 6.190),
(303, 'Cork-style Chilled Sip', 2, 3, 5.400, 1, 1, 8.990),
(304, 'Moravian-style Vibrant Breeze', 10, 4, 2.000, 2, 1, 3.090),
(305, 'Moravian-style Hop Refresher', 1, 4, 5.200, 4, 2, 4.790),
(306, 'Newcastle-style Dry Brew', 7, 2, 6.100, 5, 4, 6.190),
(307, 'Carlow-Style Cold Refresher', 4, 3, 1.800, 3, 2, 7.790),
(308, 'Brussel-style Midnight Bliss', 8, 5, 3.300, 6, 2, 8.090),
(309, 'Charrington-style Dark Brew', 11, 2, 5.500, 3, 3, 9.490),
(310, 'Tyrol-style Classic Brew', 7, 6, 3.700, 2, 1, 9.190),
(311, 'Limerick-style Hoppy Sip', 3, 3, 2.000, 6, 2, 9.790),
(312, 'Burgenland-style Midnight Haven', 7, 6, 2.700, 4, 3, 4.290),
(313, 'Salzburg-style Golden Delight', 6, 6, 3.800, 4, 2, 9.190),
(314, 'Tyrol-style Cold Stout', 7, 6, 1.500, 6, 4, 3.490),
(315, 'Bamberg-style Craft Breeze', 13, 1, 7.000, 2, 1, 7.190),
(316, 'Lepizig-style Classic Breeze', 4, 1, 1.000, 3, 2, 4.790),
(317, 'Dublin-style Sharp Haven', 2, 3, 5.600, 4, 3, 5.590),
(318, 'Limerick-style Smooth Cascade', 10, 3, 1.500, 6, 2, 6.890),
(319, 'Yorkshire-style Chilled Refresher', 13, 2, 3.400, 3, 3, 8.390),
(320, 'Lepizig-style Classic Cascade', 6, 1, 2.600, 4, 2, 4.490),
(321, 'Yorkshire-style Golden Bliss', 12, 2, 2.400, 6, 2, 6.290),
(322, 'Salzburg-style Cold Haven', 6, 6, 2.800, 5, 2, 5.890),
(323, 'Brussel-style Mellow Cascade', 12, 5, 5.600, 5, 2, 9.990),
(324, 'Tyrol-style Chilled Bliss', 13, 6, 5.800, 3, 2, 8.590),
(325, 'Cork-style Cold Bliss', 6, 3, 7.000, 2, 1, 6.490),
(326, 'Fleming-style Chilled Refresher', 11, 5, 4.000, 6, 2, 9.290),
(327, 'Prauge-style Sunny Stout', 11, 4, 1.900, 5, 2, 8.090),
(328, 'Dublin-style Classic Brew', 11, 3, 5.800, 6, 2, 3.390),
(329, 'Styria-style Cold Sip', 11, 6, 6.800, 2, 1, 3.790),
(330, 'Dublin-style Hop Stout', 4, 3, 2.200, 6, 2, 8.490),
(331, 'London-style Amber Haven', 8, 2, 1.800, 3, 2, 7.790),
(332, 'Charrington-style Velvet Stout', 8, 2, 2.800, 1, 1, 8.890),
(333, 'Kildare-style Classic Breeze', 12, 3, 5.400, 3, 3, 9.290),
(334, 'Limerick-style Smooth Refresher', 10, 3, 1.700, 5, 2, 8.090),
(335, 'Charrington-style Velvet Delight', 5, 2, 1.600, 5, 2, 4.990),
(336, 'Yorkshire-style Amber Breeze', 2, 2, 3.500, 1, 1, 3.090),
(337, 'Prauge-style Cold Sip', 4, 4, 3.900, 2, 1, 6.790),
(338, 'Styria-style Smooth Stout', 13, 6, 3.000, 4, 3, 6.090),
(339, 'Charrington-style Hop Cascade', 2, 2, 6.000, 5, 2, 6.390),
(340, 'Yorkshire-style Icy Bliss', 8, 2, 2.400, 3, 3, 6.590),
(341, 'Scottsman-style Dry Stout', 13, 2, 1.300, 2, 1, 3.990),
(342, 'Newcastle-style Fresh Refresher', 2, 2, 5.500, 2, 1, 5.290),
(343, 'Vienna-style Golden Haven', 11, 6, 5.200, 3, 3, 3.490),
(344, 'Burgenland-style Dark Bliss', 8, 6, 2.100, 3, 2, 9.890),
(345, 'Charrington-style Velvet Brew', 12, 2, 6.100, 5, 2, 7.590),
(346, 'Cologne-style Malty Refresher', 11, 1, 6.400, 5, 2, 7.490),
(347, 'Bamberg-style Craft Haven', 5, 1, 1.500, 1, 1, 5.390),
(348, 'Cologne-style Chilled Sip', 5, 1, 6.000, 5, 2, 9.890),
(349, 'Berlin-style Dry Harmony', 3, 1, 1.600, 4, 3, 9.890),
(350, 'Wallonia-style Golden Bliss', 5, 5, 3.900, 2, 1, 6.990),
(351, 'Newcastle-style Dry Cascade', 12, 2, 3.800, 4, 3, 3.490),
(352, 'Burgenland-style Vibrant Bliss', 3, 6, 7.000, 2, 1, 9.090),
(353, 'Cork-style Midnight Stout', 6, 3, 5.200, 1, 1, 8.690),
(354, 'Charrington-style Golden Breeze', 10, 2, 5.800, 3, 3, 8.990),
(355, 'Newcastle-style Light Refresher', 5, 2, 1.200, 2, 1, 5.590),
(356, 'Salzburg-style Amber Cascade', 1, 6, 5.000, 5, 2, 4.790),
(357, 'Cologne-style Dark Haven', 13, 1, 3.000, 5, 4, 7.990),
(358, 'Dublin-style Sharp Bliss', 1, 3, 3.800, 5, 2, 4.490),
(359, 'London-style Classic Refresher', 5, 2, 6.900, 3, 3, 6.590),
(360, 'Brussel-style Golden Sip', 3, 5, 2.700, 2, 1, 3.390),
(361, 'Salzburg-style Dark Refresher', 2, 6, 3.000, 6, 2, 6.290),
(362, 'Yorkshire-style Vibrant Harmony', 9, 2, 2.100, 4, 2, 8.490),
(363, 'Styria-style Icy Delight', 4, 6, 1.200, 1, 1, 5.690),
(364, 'Bamberg-style Malty Breeze', 7, 1, 6.500, 1, 1, 9.690),
(365, 'Moravian-style Dark Sip', 2, 4, 1.900, 5, 2, 7.690),
(366, 'Brussel-style Midnight Breeze', 12, 5, 5.800, 2, 1, 6.790),
(367, 'Cork-style Hop Cascade', 13, 3, 2.000, 1, 1, 8.190),
(368, 'Salzburg-style Sunny Stout', 5, 6, 6.100, 6, 4, 9.090),
(369, 'Lepizig-style Cold Brew', 13, 1, 3.700, 4, 3, 6.490),
(370, 'Yorkshire-style Icy Harmony', 1, 2, 1.900, 6, 2, 9.490),
(371, 'Cologne-style Icy Brew', 12, 1, 3.600, 4, 3, 4.690),
(372, 'Salzburg-style Dry Refresher', 12, 6, 3.000, 6, 2, 5.190),
(373, 'Galway-style Golden Refresher', 10, 3, 2.200, 5, 2, 7.290),
(374, 'Dublin-style Smooth Breeze', 13, 3, 2.800, 1, 1, 8.690),
(375, 'Newcastle-style Smooth Brew', 7, 2, 3.700, 2, 1, 6.290),
(376, 'Newcastle-style Vibrant Brew', 5, 2, 3.200, 4, 3, 3.290),
(377, 'Yorkshire-style Crisp Stout', 6, 2, 1.900, 2, 1, 9.490),
(378, 'Brussel-style Light Haven', 1, 5, 2.800, 6, 2, 8.990),
(379, 'Moravian-style Amber Breeze', 9, 4, 6.500, 4, 3, 7.790),
(380, 'Carinthia-style Light Bliss', 5, 6, 1.400, 6, 2, 6.890),
(381, 'Tyrol-style Cold Delight', 2, 6, 2.000, 3, 2, 9.590),
(382, 'Moravian-style Light Refresher', 11, 4, 1.900, 6, 2, 6.590),
(383, 'Charrington-style Dry Brew', 3, 2, 5.600, 4, 2, 8.390),
(384, 'Limerick-style Cold Refresher', 5, 3, 1.600, 6, 4, 8.890),
(385, 'Wallonia-style Golden Haven', 1, 5, 6.600, 2, 1, 5.090),
(386, 'Carinthia-style Cold Harmony', 11, 6, 3.800, 2, 1, 8.790),
(387, 'Prauge-style Crisp Harmony', 3, 4, 1.300, 5, 2, 6.490),
(388, 'Cologne-style Dark Brew', 1, 1, 5.300, 5, 2, 7.590),
(389, 'Charrington-style Dark Breeze', 4, 2, 1.700, 6, 4, 8.090),
(390, 'Carinthia-style Dry Stout', 12, 6, 6.800, 5, 2, 9.190),
(391, 'Düsselfdorf-style Golden Delight', 7, 1, 2.600, 5, 2, 5.290),
(392, 'Kildare-style Dry Stout', 1, 3, 3.300, 3, 2, 9.390),
(393, 'Lepizig-style Malty Refresher', 1, 1, 2.900, 5, 4, 4.690),
(394, 'Carinthia-style Golden Breeze', 8, 6, 3.000, 4, 3, 7.590),
(395, 'Wallonia-style Fresh Delight', 1, 5, 3.700, 2, 1, 6.090),
(396, 'Dublin-style Vibrant Haven', 4, 3, 5.700, 3, 3, 9.690),
(397, 'Vienna-style Craft Bliss', 13, 6, 5.200, 1, 1, 9.790),
(398, 'Tyrol-style Dark Breeze', 3, 6, 5.200, 6, 2, 4.490),
(399, 'Newcastle-style Sharp Brew', 10, 2, 3.200, 3, 2, 6.190),
(400, 'Salzburg-style Craft Bliss', 7, 6, 6.000, 6, 2, 9.190),
(401, 'Brussel-style Amber Harmony', 5, 5, 1.200, 1, 1, 8.090),
(402, 'Scottsman-style Midnight Delight', 1, 2, 3.600, 6, 2, 5.690),
(403, 'Bavarian-style Classic Haven', 10, 1, 6.700, 4, 2, 5.890),
(404, 'Galway-style Dry Stout', 4, 3, 2.400, 6, 4, 5.090),
(405, 'Galway-style Craft Sip', 10, 3, 6.900, 4, 2, 5.990),
(406, 'Newcastle-style Chilled Refresher', 5, 2, 2.600, 6, 2, 3.190),
(407, 'Dublin-style Golden Harmony', 12, 3, 1.400, 4, 2, 3.090),
(408, 'Düsselfdorf-style Smooth Sip', 13, 1, 6.700, 6, 2, 3.190),
(409, 'Carinthia-style Chilled Stout', 4, 6, 3.500, 6, 4, 7.890),
(410, 'Lepizig-style Icy Harmony', 6, 1, 2.700, 2, 1, 4.690),
(411, 'Newcastle-style Velvet Stout', 1, 2, 2.200, 2, 1, 7.590),
(412, 'Moravian-style Golden Haven', 13, 4, 3.600, 2, 1, 5.490),
(413, 'Tyrol-style Craft Harmony', 13, 6, 6.400, 2, 1, 5.290),
(414, 'Galway-style Light Harmony', 9, 3, 2.300, 2, 1, 6.990),
(415, 'Lepizig-style Velvet Sip', 9, 1, 2.100, 4, 3, 5.890),
(416, 'Prauge-style Craft Stout', 4, 4, 1.900, 6, 2, 7.490),
(417, 'Lepizig-style Malty Harmony', 11, 1, 2.200, 6, 2, 8.690),
(418, 'Scottsman-style Golden Stout', 8, 2, 6.300, 5, 2, 4.090),
(419, 'Bamberg-style Sharp Harmony', 3, 1, 2.600, 5, 2, 5.190),
(420, 'Carlow-Style Hop Sip', 5, 3, 6.900, 6, 2, 7.990),
(421, 'Yorkshire-style Craft Cascade', 5, 2, 3.500, 4, 2, 6.690),
(422, 'Düsselfdorf-style Vibrant Bliss', 13, 1, 3.000, 5, 2, 5.890),
(423, 'Prauge-style Fresh Cascade', 7, 4, 1.300, 5, 2, 5.090),
(424, 'Kildare-style Vibrant Haven', 13, 3, 3.800, 1, 1, 5.690),
(425, 'Bamberg-style Hop Breeze', 8, 1, 6.200, 4, 3, 3.290),
(426, 'Limerick-style Light Sip', 12, 3, 1.800, 2, 1, 9.990),
(427, 'Fleming-style Dry Stout', 7, 5, 3.600, 3, 3, 6.490),
(428, 'Styria-style Crisp Harmony', 3, 6, 3.600, 5, 4, 4.690),
(429, 'Moravian-style Craft Bliss', 1, 4, 6.400, 4, 2, 4.790),
(430, 'Cork-style Hop Bliss', 13, 3, 3.800, 3, 2, 6.290),
(431, 'Düsselfdorf-style Hoppy Haven', 6, 1, 1.600, 6, 2, 3.090),
(432, 'Lepizig-style Smooth Delight', 8, 1, 2.300, 5, 2, 4.690),
(433, 'Scottsman-style Crisp Sip', 5, 2, 5.100, 2, 1, 9.890),
(434, 'Wallonia-style Smooth Delight', 10, 5, 3.700, 5, 2, 9.990),
(435, 'Newcastle-style Vibrant Breeze', 9, 2, 1.900, 4, 3, 4.190),
(436, 'Wallonia-style Velvet Stout', 8, 5, 2.500, 1, 1, 3.990),
(437, 'Salzburg-style Crisp Cascade', 3, 6, 2.600, 6, 2, 3.990),
(438, 'Moravian-style Malty Stout', 8, 4, 5.000, 1, 1, 3.490),
(439, 'Limerick-style Dry Cascade', 9, 3, 2.000, 2, 1, 9.890),
(440, 'Charrington-style Chilled Harmony', 10, 2, 3.300, 3, 3, 4.890),
(441, 'Moravian-style Dark Haven', 7, 4, 6.200, 3, 3, 4.090),
(442, 'Wallonia-style Mellow Breeze', 12, 5, 5.600, 2, 1, 4.690),
(443, 'Prauge-style Fresh Harmony', 5, 4, 1.100, 2, 1, 9.590),
(444, 'Bohemian-style Amber Breeze', 5, 4, 2.300, 1, 1, 9.890),
(445, 'Charrington-style Vibrant Refresher', 10, 2, 2.900, 4, 3, 8.990),
(446, 'Tyrol-style Velvet Sip', 8, 6, 6.000, 3, 2, 7.090),
(447, 'Limerick-style Amber Brew', 8, 3, 2.500, 6, 2, 7.790),
(448, 'Burgenland-style Golden Stout', 12, 6, 3.300, 3, 2, 7.890),
(449, 'Fleming-style Velvet Breeze', 3, 5, 3.700, 3, 3, 4.790),
(450, 'Burgenland-style Classic Sip', 5, 6, 2.600, 5, 2, 8.190),
(451, 'Galway-style Classic Refresher', 4, 3, 3.200, 2, 1, 4.390),
(452, 'Bavarian-style Hoppy Breeze', 4, 1, 6.800, 6, 2, 5.490),
(453, 'Carlow-Style Dark Harmony', 13, 3, 3.500, 4, 2, 3.290),
(454, 'Vienna-style Malty Harmony', 6, 6, 2.600, 3, 2, 6.090),
(455, 'Wallonia-style Mellow Haven', 11, 5, 2.300, 5, 4, 6.490),
(456, 'Bohemian-style Malty Bliss', 11, 4, 3.900, 1, 1, 5.690),
(457, 'Wallonia-style Vibrant Cascade', 5, 5, 5.100, 4, 3, 5.790),
(458, 'Kildare-style Hoppy Delight', 1, 3, 2.900, 6, 2, 3.590),
(459, 'Newcastle-style Icy Sip', 4, 2, 6.100, 6, 2, 4.890),
(460, 'Düsselfdorf-style Fresh Delight', 3, 1, 2.200, 6, 4, 5.090),
(461, 'Cologne-style Crisp Delight', 11, 1, 5.300, 4, 3, 5.090),
(462, 'Newcastle-style Icy Refresher', 3, 2, 1.600, 5, 2, 7.390),
(463, 'Düsselfdorf-style Smooth Stout', 6, 1, 1.100, 4, 2, 7.290),
(464, 'Bamberg-style Golden Harmony', 13, 1, 6.300, 5, 4, 9.090),
(465, 'Moravian-style Midnight Harmony', 1, 4, 3.600, 3, 3, 5.890),
(466, 'Berlin-style Classic Bliss', 11, 1, 1.300, 6, 4, 5.890),
(467, 'Bavarian-style Vibrant Haven', 8, 1, 3.200, 5, 2, 9.990),
(468, 'Bavarian-style Fresh Sip', 12, 1, 1.500, 3, 2, 5.990),
(469, 'Tyrol-style Craft Breeze', 10, 6, 5.400, 5, 2, 7.590),
(470, 'Bohemian-style Fresh Delight', 10, 4, 6.500, 4, 2, 4.990),
(471, 'Fleming-style Dry Haven', 3, 5, 5.600, 1, 1, 7.890),
(472, 'Berlin-style Icy Delight', 13, 1, 2.100, 6, 2, 4.490),
(473, 'Carinthia-style Craft Sip', 2, 6, 3.100, 6, 2, 6.290),
(474, 'Vienna-style Mellow Cascade', 13, 6, 3.800, 6, 2, 7.690),
(475, 'Carinthia-style Classic Brew', 11, 6, 1.400, 4, 3, 6.690),
(476, 'Bavarian-style Smooth Stout', 11, 1, 3.800, 5, 2, 3.390),
(477, 'Berlin-style Malty Harmony', 13, 1, 2.200, 3, 3, 5.690),
(478, 'Brussel-style Dark Sip', 9, 5, 6.100, 6, 2, 3.290),
(479, 'Vienna-style Dark Haven', 7, 6, 2.000, 2, 1, 6.690),
(480, 'London-style Fresh Haven', 12, 2, 2.700, 3, 3, 4.390),
(481, 'Bavarian-style Fresh Haven', 1, 1, 1.200, 1, 1, 3.490),
(482, 'London-style Light Cascade', 7, 2, 2.300, 5, 2, 4.290),
(483, 'Charrington-style Sunny Sip', 6, 2, 2.300, 2, 1, 9.390),
(484, 'Cologne-style Chilled Haven', 13, 1, 1.700, 3, 3, 6.790),
(485, 'Vienna-style Fresh Harmony', 2, 6, 6.800, 3, 2, 6.190),
(486, 'Berlin-style Classic Harmony', 10, 1, 3.800, 4, 2, 5.390),
(487, 'Burgenland-style Golden Breeze', 8, 6, 2.300, 1, 1, 4.790),
(488, 'Dublin-style Cold Breeze', 5, 3, 2.200, 4, 3, 7.890),
(489, 'Moravian-style Crisp Brew', 11, 4, 1.700, 5, 2, 7.390),
(490, 'London-style Hop Breeze', 5, 2, 3.000, 4, 3, 5.690),
(491, 'Scottsman-style Chilled Bliss', 9, 2, 2.200, 6, 2, 3.890),
(492, 'Limerick-style Sunny Harmony', 7, 3, 1.100, 2, 1, 4.690),
(493, 'Tyrol-style Dark Bliss', 3, 6, 1.100, 5, 2, 3.590),
(494, 'Scottsman-style Chilled Sip', 9, 2, 3.100, 6, 2, 9.590),
(495, 'Brussel-style Sharp Bliss', 11, 5, 1.600, 5, 2, 7.390),
(496, 'Vienna-style Light Delight', 7, 6, 3.600, 6, 4, 9.290),
(497, 'Carlow-Style Dry Harmony', 8, 3, 2.400, 1, 1, 8.390),
(498, 'Kildare-style Icy Refresher', 5, 3, 1.700, 6, 2, 6.990),
(499, 'Dublin-style Fresh Bliss', 4, 3, 5.900, 6, 2, 9.290),
(500, 'Burgenland-style Smooth Cascade', 12, 6, 2.800, 3, 3, 3.090),
(501, 'Prauge-style Dry Breeze', 3, 4, 1.900, 3, 3, 4.990),
(502, 'Newcastle-style Velvet Breeze', 13, 2, 3.300, 5, 2, 9.890),
(503, 'Berlin-style Midnight Bliss', 10, 1, 5.200, 4, 3, 5.690),
(504, 'Moravian-style Hoppy Brew', 13, 4, 2.900, 5, 2, 9.890),
(505, 'Prauge-style Malty Cascade', 12, 4, 1.400, 6, 2, 7.890),
(506, 'Carlow-Style Sunny Cascade', 12, 3, 1.200, 1, 1, 6.890),
(507, 'Newcastle-style Classic Harmony', 3, 2, 2.100, 2, 1, 5.990),
(508, 'Tyrol-style Dry Haven', 10, 6, 1.500, 4, 2, 3.590),
(509, 'Vienna-style Vibrant Delight', 9, 6, 6.100, 3, 3, 3.190),
(510, 'London-style Sharp Haven', 13, 2, 2.300, 3, 2, 7.390),
(511, 'Bohemian-style Hoppy Harmony', 1, 4, 1.500, 5, 2, 8.890),
(512, 'Styria-style Amber Haven', 8, 6, 1.600, 1, 1, 5.390),
(513, 'Cork-style Hoppy Sip', 10, 3, 3.800, 6, 2, 7.290),
(514, 'Düsselfdorf-style Smooth Delight', 9, 1, 5.900, 5, 2, 5.790),
(515, 'Burgenland-style Mellow Haven', 11, 6, 2.600, 5, 2, 6.790),
(516, 'Moravian-style Dry Bliss', 6, 4, 3.200, 2, 1, 8.290),
(517, 'Carlow-Style Mellow Delight', 7, 3, 3.800, 3, 2, 8.990),
(518, 'Yorkshire-style Crisp Delight', 1, 2, 5.800, 3, 2, 7.690),
(519, 'Wallonia-style Smooth Breeze', 4, 5, 2.200, 1, 1, 5.990),
(520, 'Carinthia-style Light Refresher', 2, 6, 1.300, 5, 2, 8.390),
(521, 'Limerick-style Craft Sip', 10, 3, 2.400, 6, 2, 9.590),
(522, 'Yorkshire-style Light Delight', 12, 2, 3.300, 3, 2, 9.590),
(523, 'Fleming-style Malty Breeze', 4, 5, 2.200, 6, 4, 9.290),
(524, 'Salzburg-style Cold Delight', 8, 6, 3.500, 6, 4, 9.490),
(525, 'Prauge-style Craft Bliss', 1, 4, 3.200, 1, 1, 5.290),
(526, 'Carlow-Style Golden Cascade', 8, 3, 2.400, 5, 4, 3.990),
(527, 'Bamberg-style Dark Stout', 10, 1, 2.300, 5, 2, 9.990),
(528, 'Fleming-style Classic Brew', 8, 5, 2.800, 6, 2, 8.690),
(529, 'Limerick-style Mellow Breeze', 8, 3, 2.600, 5, 2, 9.690),
(530, 'London-style Sunny Harmony', 10, 2, 2.800, 6, 2, 5.790),
(531, 'Wallonia-style Cold Harmony', 4, 5, 3.900, 5, 2, 9.290),
(532, 'Burgenland-style Hoppy Harmony', 1, 6, 2.600, 3, 3, 3.690),
(533, 'Scottsman-style Crisp Refresher', 12, 2, 6.200, 4, 2, 4.190),
(534, 'Düsselfdorf-style Dark Breeze', 3, 1, 3.200, 1, 1, 3.690),
(535, 'Limerick-style Crisp Brew', 5, 3, 2.700, 2, 1, 3.490),
(536, 'Brussel-style Dark Refresher', 5, 5, 2.900, 5, 4, 9.290);

-- 
-- Dumping data for table moderation
--
INSERT INTO moderation VALUES
(1, 'Admin', 'Admin', '1'),
(2, 'Secretary', 'Secretary', '2');

-- 
-- Dumping data for table buyerbeer
--
INSERT INTO buyerbeer VALUES
(1, 1, 14, 2, 2),
(2, 1, 23, 2, 3),
(3, 2, 40, 4, 2);

-- 
-- Restore previous SQL mode
-- 
/*!40101 SET SQL_MODE=@OLD_SQL_MODE */;

-- 
-- Enable foreign keys
-- 
/*!40014 SET FOREIGN_KEY_CHECKS=@OLD_FOREIGN_KEY_CHECKS */;